spread_id,page_ids,classification,confidence,signals,image
s0002_0003,p0002|p0003,uncertain,0.5362,gutter_edge_alignment|shared_color_palette,images/spreads/s0002_0003.jpg
s0004_0005,p0004|p0005,uncertain,0.535,gutter_edge_alignment|shared_color_palette,images/spreads/s0004_0005.jpg
s0006_0007,p0006|p0007,uncertain,0.5347,gutter_edge_alignment|shared_color_palette,images/spreads/s0006_0007.jpg
s0008_0009,p0008|p0009,uncertain,0.5227,gutter_edge_alignment|shared_color_palette,images/spreads/s0008_0009.jpg
s0010_0011,p0010|p0011,uncertain,0.3812,gutter_edge_alignment,images/spreads/s0010_0011.jpg
s0012_0013,p0012|p0013,uncertain,0.5299,gutter_edge_alignment|shared_color_palette,images/spreads/s0012_0013.jpg
s0014_0015,p0014|p0015,uncertain,0.5284,gutter_edge_alignment|shared_color_palette,images/spreads/s0014_0015.jpg
s0016_0017,p0016|p0017,uncertain,0.5298,gutter_edge_alignment|shared_color_palette,images/spreads/s0016_0017.jpg
s0018_0019,p0018|p0019,uncertain,0.5298,gutter_edge_alignment|shared_color_palette,images/spreads/s0018_0019.jpg
s0020_0021,p0020|p0021,uncertain,0.5298,gutter_edge_alignment|shared_color_palette,images/spreads/s0020_0021.jpg
s0022_0023,p0022|p0023,uncertain,0.5298,gutter_edge_alignment|shared_color_palette,images/spreads/s0022_0023.jpg
s0024_0025,p0024|p0025,uncertain,0.5299,gutter_edge_alignment|shared_color_palette,images/spreads/s0024_0025.jpg
s0026_0027,p0026|p0027,uncertain,0.5299,gutter_edge_alignment|shared_color_palette,images/spreads/s0026_0027.jpg
s0028_0029,p0028|p0029,uncertain,0.5298,gutter_edge_alignment|shared_color_palette,images/spreads/s0028_0029.jpg
s0030_0031,p0030|p0031,uncertain,0.5298,gutter_edge_alignment|shared_color_palette,images/spreads/s0030_0031.jpg
s0032_0033,p0032|p0033,uncertain,0.5299,gutter_edge_alignment|shared_color_palette,images/spreads/s0032_0033.jpg
s0034_0035,p0034|p0035,uncertain,0.4526,gutter_edge_alignment,images/spreads/s0034_0035.jpg
s0036_0037,p0036|p0037,uncertain,0.5276,gutter_edge_alignment|shared_color_palette,images/spreads/s0036_0037.jpg
s0038_0039,p0038|p0039,uncertain,0.5279,gutter_edge_alignment|shared_color_palette,images/spreads/s0038_0039.jpg
s0040_0041,p0040|p0041,uncertain,0.5305,gutter_edge_alignment|shared_color_palette,images/spreads/s0040_0041.jpg
s0042_0043,p0042|p0043,uncertain,0.53,gutter_edge_alignment|shared_color_palette,images/spreads/s0042_0043.jpg
s0044_0045,p0044|p0045,uncertain,0.4633,gutter_edge_alignment,images/spreads/s0044_0045.jpg
s0046_0047,p0046|p0047,uncertain,0.5279,gutter_edge_alignment|shared_color_palette,images/spreads/s0046_0047.jpg
s0048_0049,p0048|p0049,uncertain,0.5299,gutter_edge_alignment|shared_color_palette,images/spreads/s0048_0049.jpg
s0050_0051,p0050|p0051,uncertain,0.5299,gutter_edge_alignment|shared_color_palette,images/spreads/s0050_0051.jpg
s0052_0053,p0052|p0053,uncertain,0.5294,gutter_edge_alignment|shared_color_palette,images/spreads/s0052_0053.jpg
s0054_0055,p0054|p0055,uncertain,0.5224,gutter_edge_alignment|shared_color_palette,images/spreads/s0054_0055.jpg
s0056_0057,p0056|p0057,uncertain,0.5297,gutter_edge_alignment|shared_color_palette,images/spreads/s0056_0057.jpg
s0058_0059,p0058|p0059,uncertain,0.5292,gutter_edge_alignment|shared_color_palette,images/spreads/s0058_0059.jpg
s0060_0061,p0060|p0061,uncertain,0.5299,gutter_edge_alignment|shared_color_palette,images/spreads/s0060_0061.jpg
s0062_0063,p0062|p0063,uncertain,0.5094,gutter_edge_alignment|shared_color_palette,images/spreads/s0062_0063.jpg
s0064_0065,p0064|p0065,uncertain,0.5308,gutter_edge_alignment|shared_color_palette,images/spreads/s0064_0065.jpg
s0066_0067,p0066|p0067,uncertain,0.5162,gutter_edge_alignment|shared_color_palette,images/spreads/s0066_0067.jpg
s0068_0069,p0068|p0069,uncertain,0.3981,gutter_edge_alignment,images/spreads/s0068_0069.jpg
s0070_0071,p0070|p0071,uncertain,0.5232,gutter_edge_alignment|shared_color_palette,images/spreads/s0070_0071.jpg
s0072_0073,p0072|p0073,uncertain,0.5317,gutter_edge_alignment|shared_color_palette,images/spreads/s0072_0073.jpg
s0074_0075,p0074|p0075,uncertain,0.5298,gutter_edge_alignment|shared_color_palette,images/spreads/s0074_0075.jpg
s0076_0077,p0076|p0077,uncertain,0.5295,gutter_edge_alignment|shared_color_palette,images/spreads/s0076_0077.jpg
s0078_0079,p0078|p0079,uncertain,0.5355,gutter_edge_alignment|shared_color_palette,images/spreads/s0078_0079.jpg
s0080_0081,p0080|p0081,uncertain,0.53,gutter_edge_alignment|shared_color_palette,images/spreads/s0080_0081.jpg
s0082_0083,p0082|p0083,uncertain,0.5296,gutter_edge_alignment|shared_color_palette,images/spreads/s0082_0083.jpg
s0084_0085,p0084|p0085,uncertain,0.4567,gutter_edge_alignment,images/spreads/s0084_0085.jpg
s0086_0087,p0086|p0087,uncertain,0.532,gutter_edge_alignment|shared_color_palette,images/spreads/s0086_0087.jpg
s0088_0089,p0088|p0089,uncertain,0.5206,gutter_edge_alignment|shared_color_palette,images/spreads/s0088_0089.jpg
s0090_0091,p0090|p0091,uncertain,0.5291,gutter_edge_alignment|shared_color_palette,images/spreads/s0090_0091.jpg
s0092_0093,p0092|p0093,uncertain,0.5299,gutter_edge_alignment|shared_color_palette,images/spreads/s0092_0093.jpg
s0094_0095,p0094|p0095,uncertain,0.5355,gutter_edge_alignment|shared_color_palette,images/spreads/s0094_0095.jpg
s0096_0097,p0096|p0097,uncertain,0.5299,gutter_edge_alignment|shared_color_palette,images/spreads/s0096_0097.jpg
s0098_0099,p0098|p0099,uncertain,0.4648,gutter_edge_alignment,images/spreads/s0098_0099.jpg
s0100_0101,p0100|p0101,uncertain,0.509,gutter_edge_alignment|shared_color_palette,images/spreads/s0100_0101.jpg
s0102_0103,p0102|p0103,uncertain,0.5232,gutter_edge_alignment|shared_color_palette,images/spreads/s0102_0103.jpg
s0104_0105,p0104|p0105,uncertain,0.5321,gutter_edge_alignment|shared_color_palette,images/spreads/s0104_0105.jpg
s0106_0107,p0106|p0107,uncertain,0.5298,gutter_edge_alignment|shared_color_palette,images/spreads/s0106_0107.jpg
s0108_0109,p0108|p0109,uncertain,0.4156,gutter_edge_alignment,images/spreads/s0108_0109.jpg
s0110_0111,p0110|p0111,uncertain,0.53,gutter_edge_alignment|shared_color_palette,images/spreads/s0110_0111.jpg
s0112_0113,p0112|p0113,uncertain,0.4464,gutter_edge_alignment,images/spreads/s0112_0113.jpg
s0114_0115,p0114|p0115,uncertain,0.5086,gutter_edge_alignment|shared_color_palette,images/spreads/s0114_0115.jpg
s0116_0117,p0116|p0117,uncertain,0.5177,gutter_edge_alignment|shared_color_palette,images/spreads/s0116_0117.jpg
s0118_0119,p0118|p0119,uncertain,0.5288,gutter_edge_alignment|shared_color_palette,images/spreads/s0118_0119.jpg
s0120_0121,p0120|p0121,uncertain,0.5299,gutter_edge_alignment|shared_color_palette,images/spreads/s0120_0121.jpg
s0122_0123,p0122|p0123,uncertain,0.536,gutter_edge_alignment|shared_color_palette,images/spreads/s0122_0123.jpg
s0124_0125,p0124|p0125,uncertain,0.5298,gutter_edge_alignment|shared_color_palette,images/spreads/s0124_0125.jpg
s0126_0127,p0126|p0127,uncertain,0.4698,gutter_edge_alignment,images/spreads/s0126_0127.jpg
s0128_0129,p0128|p0129,uncertain,0.5096,gutter_edge_alignment|shared_color_palette,images/spreads/s0128_0129.jpg
s0130_0131,p0130|p0131,uncertain,0.5266,gutter_edge_alignment|shared_color_palette,images/spreads/s0130_0131.jpg
s0132_0133,p0132|p0133,uncertain,0.5291,gutter_edge_alignment|shared_color_palette,images/spreads/s0132_0133.jpg
s0134_0135,p0134|p0135,uncertain,0.5298,gutter_edge_alignment|shared_color_palette,images/spreads/s0134_0135.jpg
s0136_0137,p0136|p0137,uncertain,0.5355,gutter_edge_alignment|shared_color_palette,images/spreads/s0136_0137.jpg
s0138_0139,p0138|p0139,uncertain,0.53,gutter_edge_alignment|shared_color_palette,images/spreads/s0138_0139.jpg
s0140_0141,p0140|p0141,uncertain,0.4871,gutter_edge_alignment|shared_color_palette,images/spreads/s0140_0141.jpg
s0142_0143,p0142|p0143,uncertain,0.5109,gutter_edge_alignment|shared_color_palette,images/spreads/s0142_0143.jpg
s0144_0145,p0144|p0145,uncertain,0.5247,gutter_edge_alignment|shared_color_palette,images/spreads/s0144_0145.jpg
s0146_0147,p0146|p0147,uncertain,0.5299,gutter_edge_alignment|shared_color_palette,images/spreads/s0146_0147.jpg
s0148_0149,p0148|p0149,uncertain,0.5324,gutter_edge_alignment|shared_color_palette,images/spreads/s0148_0149.jpg
s0150_0151,p0150|p0151,uncertain,0.5287,gutter_edge_alignment|shared_color_palette,images/spreads/s0150_0151.jpg
s0152_0153,p0152|p0153,uncertain,0.4708,gutter_edge_alignment,images/spreads/s0152_0153.jpg
s0154_0155,p0154|p0155,uncertain,0.5279,gutter_edge_alignment|shared_color_palette,images/spreads/s0154_0155.jpg
s0156_0157,p0156|p0157,uncertain,0.5184,gutter_edge_alignment|shared_color_palette,images/spreads/s0156_0157.jpg
s0158_0159,p0158|p0159,uncertain,0.5287,gutter_edge_alignment|shared_color_palette,images/spreads/s0158_0159.jpg
s0160_0161,p0160|p0161,uncertain,0.5287,gutter_edge_alignment|shared_color_palette,images/spreads/s0160_0161.jpg
s0162_0163,p0162|p0163,uncertain,0.5299,gutter_edge_alignment|shared_color_palette,images/spreads/s0162_0163.jpg
s0164_0165,p0164|p0165,uncertain,0.5164,gutter_edge_alignment|shared_color_palette,images/spreads/s0164_0165.jpg
s0166_0167,p0166|p0167,uncertain,0.5287,gutter_edge_alignment|shared_color_palette,images/spreads/s0166_0167.jpg
s0168_0169,p0168|p0169,uncertain,0.5287,gutter_edge_alignment|shared_color_palette,images/spreads/s0168_0169.jpg
s0170_0171,p0170|p0171,uncertain,0.5299,gutter_edge_alignment|shared_color_palette,images/spreads/s0170_0171.jpg
s0172_0173,p0172|p0173,uncertain,0.4622,gutter_edge_alignment,images/spreads/s0172_0173.jpg
s0174_0175,p0174|p0175,uncertain,0.5279,gutter_edge_alignment|shared_color_palette,images/spreads/s0174_0175.jpg
s0176_0177,p0176|p0177,uncertain,0.5293,gutter_edge_alignment|shared_color_palette,images/spreads/s0176_0177.jpg
s0178_0179,p0178|p0179,uncertain,0.5291,gutter_edge_alignment|shared_color_palette,images/spreads/s0178_0179.jpg
s0180_0181,p0180|p0181,uncertain,0.5128,gutter_edge_alignment|shared_color_palette,images/spreads/s0180_0181.jpg
s0182_0183,p0182|p0183,uncertain,0.5218,gutter_edge_alignment|shared_color_palette,images/spreads/s0182_0183.jpg
s0184_0185,p0184|p0185,uncertain,0.3922,gutter_edge_alignment,images/spreads/s0184_0185.jpg
s0186_0187,p0186|p0187,uncertain,0.5298,gutter_edge_alignment|shared_color_palette,images/spreads/s0186_0187.jpg
s0188_0189,p0188|p0189,uncertain,0.5299,gutter_edge_alignment|shared_color_palette,images/spreads/s0188_0189.jpg
s0190_0191,p0190|p0191,uncertain,0.5299,gutter_edge_alignment|shared_color_palette,images/spreads/s0190_0191.jpg
s0192_0193,p0192|p0193,uncertain,0.5299,gutter_edge_alignment|shared_color_palette,images/spreads/s0192_0193.jpg
s0194_0195,p0194|p0195,uncertain,0.5321,gutter_edge_alignment|shared_color_palette,images/spreads/s0194_0195.jpg
s0196_0197,p0196|p0197,uncertain,0.5299,gutter_edge_alignment|shared_color_palette,images/spreads/s0196_0197.jpg
s0198_0199,p0198|p0199,uncertain,0.5299,gutter_edge_alignment|shared_color_palette,images/spreads/s0198_0199.jpg
s0200_0201,p0200|p0201,uncertain,0.5299,gutter_edge_alignment|shared_color_palette,images/spreads/s0200_0201.jpg
s0202_0203,p0202|p0203,uncertain,0.5299,gutter_edge_alignment|shared_color_palette,images/spreads/s0202_0203.jpg
s0204_0205,p0204|p0205,uncertain,0.4795,gutter_edge_alignment|shared_color_palette,images/spreads/s0204_0205.jpg
s0206_0207,p0206|p0207,uncertain,0.5283,gutter_edge_alignment|shared_color_palette,images/spreads/s0206_0207.jpg
s0208_0209,p0208|p0209,uncertain,0.5276,gutter_edge_alignment|shared_color_palette,images/spreads/s0208_0209.jpg
s0210_0211,p0210|p0211,uncertain,0.5298,gutter_edge_alignment|shared_color_palette,images/spreads/s0210_0211.jpg
s0212_0213,p0212|p0213,uncertain,0.5279,gutter_edge_alignment|shared_color_palette,images/spreads/s0212_0213.jpg
s0214_0215,p0214|p0215,uncertain,0.53,gutter_edge_alignment|shared_color_palette,images/spreads/s0214_0215.jpg
s0216_0217,p0216|p0217,uncertain,0.536,gutter_edge_alignment|shared_color_palette,images/spreads/s0216_0217.jpg
s0218_0219,p0218|p0219,uncertain,0.4948,gutter_edge_alignment|shared_color_palette,images/spreads/s0218_0219.jpg
s0220_0221,p0220|p0221,uncertain,0.5154,gutter_edge_alignment|shared_color_palette,images/spreads/s0220_0221.jpg
s0222_0223,p0222|p0223,uncertain,0.4525,gutter_edge_alignment,images/spreads/s0222_0223.jpg
s0224_0225,p0224|p0225,uncertain,0.5281,gutter_edge_alignment|shared_color_palette,images/spreads/s0224_0225.jpg
s0226_0227,p0226|p0227,uncertain,0.5285,gutter_edge_alignment|shared_color_palette,images/spreads/s0226_0227.jpg
s0228_0229,p0228|p0229,uncertain,0.53,gutter_edge_alignment|shared_color_palette,images/spreads/s0228_0229.jpg
s0230_0231,p0230|p0231,uncertain,0.5298,gutter_edge_alignment|shared_color_palette,images/spreads/s0230_0231.jpg
s0232_0233,p0232|p0233,uncertain,0.5299,gutter_edge_alignment|shared_color_palette,images/spreads/s0232_0233.jpg
s0234_0235,p0234|p0235,uncertain,0.5299,gutter_edge_alignment|shared_color_palette,images/spreads/s0234_0235.jpg
s0236_0237,p0236|p0237,uncertain,0.5299,gutter_edge_alignment|shared_color_palette,images/spreads/s0236_0237.jpg
s0238_0239,p0238|p0239,uncertain,0.5298,gutter_edge_alignment|shared_color_palette,images/spreads/s0238_0239.jpg
s0240_0241,p0240|p0241,uncertain,0.4657,gutter_edge_alignment,images/spreads/s0240_0241.jpg
s0242_0243,p0242|p0243,uncertain,0.5313,gutter_edge_alignment|shared_color_palette,images/spreads/s0242_0243.jpg
s0246_0247,p0246|p0247,uncertain,0.5299,gutter_edge_alignment|shared_color_palette,images/spreads/s0246_0247.jpg
s0248_0249,p0248|p0249,uncertain,0.5335,gutter_edge_alignment|shared_color_palette,images/spreads/s0248_0249.jpg
s0250_0251,p0250|p0251,uncertain,0.5299,gutter_edge_alignment|shared_color_palette,images/spreads/s0250_0251.jpg
s0252_0253,p0252|p0253,uncertain,0.5298,gutter_edge_alignment|shared_color_palette,images/spreads/s0252_0253.jpg
s0254_0255,p0254|p0255,uncertain,0.53,gutter_edge_alignment|shared_color_palette,images/spreads/s0254_0255.jpg
